Gene,0,5,10,15,20,30,40,50,60,HalfLife
YBR126C,1.0,,1.162607276,,0.986563929,0.696035005,0.500221369,,0.230147429,60.0
YDR074W,1.0,,1.128099489,1.201043555,1.079345745,0.715795822,0.578502472,0.461964603,0.396040363,50.0
YPL074W,1.0,0.75222302,0.710818146,0.783052371,0.814968916,,0.612621888,0.442902877,0.258528597,50.0
YMR199W,1.0,1.214288602,0.68877712,,1.0,0.868393855,0.565341511,,0.214805721,60.0
YPL031C,1.0,,0.731193096,0.628004412,0.577679347,,0.565773482,,0.421192351,60.0
YLR284C,1.0,,,0.914157657,,1.178535783,0.954903482,0.385943251,0.094324456,50.0
YDR166C,1.0,0.910444609,0.903609786,,1.011277458,1.139156872,0.573778704,0.569269402,0.357674322,60.0
YDR019C,1.0,0.8435934,1.069831809,,0.695402935,0.830698453,,0.714205613,0.321012775,60.0
YPL036W,1.0,0.975320676,1.10886745,1.085436733,0.927722409,,0.543559391,,0.420077137,60.0
YPR036W,1.0,,0.842555134,0.804830036,0.772028158,,0.508993891,,0.233684253,60.0
YJL088W,1.0,,,1.016822879,,0.997825418,0.84945205,0.911122358,0.274915995,60.0
YPR047W,1.0,,0.975762476,1.193887891,,,1.121573545,,0.340073653,60.0
YER178W,1.0,0.871324449,,0.642507776,0.912075484,,0.706303274,0.251235688,0.24206026,50.0
YDR529C,1.0,,1.140769393,0.708666452,1.099878839,,0.520481119,0.111418453,0.358133214,50.0
YHR001W-A,1.0,,0.928828006,1.007392302,,,,,0.339930924,60.0
YBR039W,1.0,0.704193683,0.521694232,0.588915059,0.532540635,,,0.212107547,0.164460323,50.0
YPR020W,1.0,0.709125783,0.734456932,0.566443471,,,0.680618531,,0.252068567,60.0
YDR377W,1.0,,1.165989398,0.583804001,,0.681013843,,0.320941977,0.076756382,50.0
YGR180C,1.0,0.888400766,0.710087606,0.90041809,1.005306454,0.769962162,0.923626379,0.292988153,0.380604079,50.0
YJL026W,1.0,0.74726242,0.865042969,1.028906154,0.852135264,0.733940735,0.555030999,0.495983589,0.35873439,50.0
YGL208W,1.0,,0.902698359,,,0.801075489,0.650503914,,0.470390701,60.0
YGR113W,1.0,,,1.003580659,,0.660652483,0.625108354,0.496132606,0.28619735,50.0
YNL225C,1.0,0.737262493,0.948236759,0.882674508,0.768882756,0.83298952,0.539595344,,0.24529806,60.0
YDR201W,1.0,1.033162691,0.661404969,1.09796333,0.86515326,,,0.660832471,0.291021842,60.0
YMR065W,1.0,0.550968372,1.20695488,0.856422515,,0.943268487,0.666277206,0.526365221,0.237887041,60.0
YLR067C,1.0,0.643027871,0.987895769,1.020455497,0.738414147,,0.542674833,0.506559901,0.268609199,60.0
YOR116C,1.0,1.151805846,,0.815930614,0.963264223,,0.684130938,,0.267581443,60.0
YNR003C,1.0,0.763790156,0.566760553,,,,0.688201369,0.463317153,0.240126064,50.0
YAL001C,1.0,,0.923244696,0.886816644,,,0.512133527,0.342464599,0.316106718,50.0
YGL237C,1.0,0.572733617,,,0.587827833,,0.534891001,,0.169645915,60.0
YML043C,1.0,,0.95812582,0.87443682,,,0.564026078,0.491329483,0.582350351,50.0
YGL226C-A,1.0,1.007341063,,0.572134353,,,,0.447293842,0.172688346,50.0
YDR129C,1.0,0.75074295,0.911676036,0.827586559,0.722983138,0.562033726,0.504119473,,0.2259325,60.0
YAL029C,1.0,,,1.06237206,0.880930089,,0.713903293,0.370787484,0.382126814,50.0
YGL005C,1.0,,0.650130643,,,1.159518491,,,0.221512848,60.0
YPL155C,1.0,,0.526818053,0.891809746,,0.924232208,0.678745349,,0.214147479,60.0
YKR054C,1.0,0.980939787,0.614932439,0.740136335,0.78857983,0.757988594,0.838470427,0.276041204,0.205838471,50.0
YBR081C,1.0,0.855741459,0.673055984,,0.909612283,0.829905767,0.513042758,0.399999091,0.593052736,50.0
YIL109C,1.0,0.835638692,0.630012614,0.523836739,0.569056556,,0.520650493,,0.253648434,60.0
YHR012W,1.0,0.72640445,0.517807645,,0.795133878,,0.60506214,,0.269179889,60.0
YOR132W,1.0,1.121083629,0.975135112,0.643637252,,0.816563013,0.753932805,,0.340635351,60.0
YJR089W,1.0,,0.742575093,0.643758509,0.726122595,,0.511168394,0.17435104,0.284262294,50.0
YOR261C,1.0,0.684312898,0.54262561,0.532540719,0.527947101,0.517002332,,0.20904949,0.193276436,50.0
YDL102W,1.0,0.781248094,1.128973856,0.699782639,1.001525485,0.765515041,0.702558041,0.432555633,0.178527113,50.0
YNL088W,1.0,0.798958684,0.711457355,,,0.930719338,0.589069352,,0.439739508,60.0
YER176W,1.0,0.913284375,0.719160226,,,,,0.145889862,0.049479849,50.0
YCR014C,1.0,0.849375187,0.987088644,,,,0.643360167,0.40562809,,50.0
YBR142W,1.0,0.799292908,,0.796260791,,,0.683203681,,0.309961004,60.0
YER172C,1.0,1.168773137,0.717955347,,0.90125815,,0.770952204,0.412099793,0.255502367,50.0
YHR165C,1.0,,0.807686487,,,,0.681622889,,0.489840052,60.0
YGR091W,1.0,,,,,0.637406563,0.771416835,,0.243327809,60.0
YNL221C,1.0,0.766012676,0.924643764,0.664812372,0.919764177,0.842898112,0.666889951,,0.263681626,60.0
YMR059W,1.0,0.781180878,0.959091696,0.733281415,,,0.57890536,0.320995626,0.330253342,50.0
YHR006W,1.0,,0.859035202,1.033717112,,,0.685700758,0.871923029,0.462398333,60.0
YPR080W,1.0,,,0.788169708,0.772999366,0.738897142,0.673728891,0.774073225,0.286797025,60.0
YGL103W,1.0,0.84273965,0.727646433,0.86059218,0.84273965,0.673722672,0.508917894,0.333416217,0.306255559,50.0
YLR312W-A,1.0,,1.143464987,0.866780245,,,1.045847168,,0.281488894,60.0
YJL096W,1.0,,,1.0253274,,0.682645147,0.513070708,0.522488753,0.125184912,60.0
YLR439W,1.0,1.092704161,,0.768133341,1.176156302,,0.55617061,1.000767742,0.275645519,60.0
YDR347W,1.0,,0.588137058,0.650502912,0.5792699,,0.710802727,,0.202957869,60.0
YPL022W,1.0,1.101185913,,0.946276459,1.101185913,0.68883746,,0.554984039,0.287948343,60.0
YOR005C,1.0,,,0.591597069,,,1.236556481,0.53202818,0.157533798,60.0
YMR224C,1.0,0.808194466,,0.883908855,1.205919247,,0.727247406,,0.212964329,60.0
YGR092W,1.0,0.800450191,,1.035139051,0.831854874,,0.775796626,,0.208715781,60.0
YDR207C,1.0,0.961803658,0.568325319,0.620599912,0.842754018,0.888894,0.529862955,0.334462834,0.182465968,50.0
YER001W,1.0,0.978784023,0.808354763,0.869796384,0.941137792,0.743373893,0.744522524,,0.310593168,60.0
YOR151C,1.0,1.070983857,0.665545529,0.871964585,0.805702834,0.69314449,0.552946026,0.36929096,0.361108985,50.0
YOR174W,1.0,0.791669486,0.732407944,0.704282429,,,0.738150967,0.313041103,0.2587327,50.0
YNR010W,1.0,,0.688233718,1.097204392,,,0.722343822,0.647704885,0.321093394,60.0
YNL236W,1.0,0.604818858,,0.65065448,0.628668205,0.699229691,,,0.051255194,60.0
YJL034W,1.0,,1.19931597,,1.189233823,0.739232801,0.525713309,0.485808977,0.247967648,50.0
YML039W,1.0,1.069519616,0.506250569,0.984674468,0.830667176,0.773426862,0.568439026,0.462756094,0.144915725,50.0
YML102C-A,1.0,1.167305851,1.049234299,0.716373299,0.855185051,,0.630950412,0.939943633,0.461601623,60.0
YMR050C,1.0,0.912121858,,0.851275939,1.117481022,0.667219217,0.600597478,0.648734344,0.272459398,60.0
YER138C,1.0,1.007873054,0.895320041,1.106731949,,0.685289048,0.685289048,0.762345737,0.378157404,60.0
YML013C-A,1.0,,0.675079414,1.030806153,,1.198257707,0.632231734,0.279457865,0.482235776,50.0
YKL060C,1.0,0.832976858,0.601233933,0.811309377,,0.543316311,0.638195876,0.417672962,0.305189819,50.0
YGR192C,1.0,0.747776585,1.030662809,,1.052354738,0.709810194,0.725264039,0.464482556,0.336038514,50.0
YHR174W,1.0,0.701696378,0.779766378,0.754218515,0.785196681,0.576941793,0.565834163,0.267527863,0.288999695,50.0
YGR254W,1.0,0.755028195,0.676618434,0.83205607,0.709314748,0.511863751,0.519020971,0.361693312,0.270123748,50.0
YCR013C,1.0,,,1.160840829,1.117387063,0.608449704,0.798680544,0.246944683,0.283397311,50.0
YKL153W,1.0,,0.974310944,1.043602725,,,,0.871301123,0.238483438,60.0
YCR012W,1.0,,0.982587,1.075175528,,1.116983721,0.948976638,0.848693717,0.313435328,60.0
YLR134W,1.0,0.876375885,,1.109773558,1.086896416,1.0,0.641045597,0.757407266,0.405020038,60.0
YLL039C,1.0,0.771239451,1.057659014,,,,0.793237987,0.322343725,0.201345761,50.0
YDR033W,1.0,0.805295083,0.659220116,0.997858576,0.66402013,,,0.267016331,0.153261581,50.0
YDR077W,1.0,0.901013533,1.010288402,1.091029842,,0.56262609,0.7747994,0.477672617,0.632589984,50.0
YGL245W,1.0,0.678291809,0.844198241,0.648929205,0.746746979,0.544266591,0.557850548,0.260494507,0.206904289,50.0
YGL055W,1.0,0.815265638,0.510932246,0.722990645,0.521893671,,0.510184377,0.084573497,0.115232665,50.0
YDR037W,1.0,0.766925644,,0.712551561,0.724125922,,0.60132654,0.257584518,0.134566372,50.0
YPR149W,1.0,0.628163982,0.796437238,1.0,0.934375199,0.553399902,0.644722224,,0.332579101,60.0
YMR075C-A,1.0,,,1.145037312,,1.171362315,0.881990948,0.764679792,0.236125017,60.0
YMR072W,1.0,0.666089838,0.555825498,0.500099559,,0.718864677,0.633170271,0.289060657,0.300603945,50.0
YLR217W,1.0,1.061970115,0.815708902,,,1.158083319,0.892839437,0.497299384,0.391017608,50.0
YKR047W,1.0,,0.863466884,0.534205038,,,0.643957869,0.393878382,0.26380741,50.0
YBR041W,1.0,0.55763371,,0.703293774,,,0.65709521,0.227198318,0.041481257,50.0
YGR182C,1.0,0.674564348,,0.713734812,0.661971125,,,0.360646764,0.576941695,50.0
YBL088C,1.0,0.627625192,0.88925615,,0.728237475,0.717012003,0.603277841,0.39101372,,50.0
YNR069C,1.0,0.837393617,0.79954524,0.944375946,,,1.0,,0.059133678,60.0
YCR028C,1.0,0.606534449,0.849360147,1.031263666,0.647506087,0.816611369,0.685268139,0.109281422,0.349078962,50.0
YPL154C,1.0,,1.036048352,0.922257274,,1.208655555,0.672552835,0.393719838,0.591748762,50.0
YBR035C,1.0,0.79932067,0.716639922,0.90976496,0.714100612,,0.603296069,,0.209523669,60.0
YDR366C,1.0,1.181551497,1.0,,1.202355016,1.087348187,0.503195776,0.512664198,0.460737163,60.0
YER183C,1.0,,0.78004727,1.034550055,0.646634008,0.973862977,0.656923816,0.798339019,0.369598817,60.0
YLR216C,1.0,0.949847346,,,,0.75869514,1.036574751,0.47890554,0.578375028,50.0
YBR054W,1.0,0.972501463,,,,0.631806658,0.593735469,0.571010618,0.285626781,60.0
YMR031W-A,1.0,,,0.992492874,0.965164597,,0.873185953,,0.470712998,60.0
YNL208W,1.0,0.958509466,1.079441277,0.848366217,,1.027773165,0.675707373,0.541030702,0.335530314,60.0
YMR297W,1.0,0.990544048,0.696444593,0.782125908,,0.591564463,0.741732131,0.414425535,0.257623482,50.0
YDR035W,1.0,0.648681366,0.533509326,,0.576877545,,,0.069281765,0.187358889,50.0
YKL086W,1.0,0.767598161,0.746189153,,,0.735705196,0.598944588,0.675763907,0.480170973,60.0
YDL174C,1.0,0.660655011,0.81797707,0.580410872,0.644923631,,,,0.24310205,60.0
YMR316C-A,1.0,1.09724338,0.644445391,,,,,0.423021934,0.649139499,50.0
YMR251W-A,1.0,1.023071288,1.202081226,1.174610866,,0.695256985,0.897158361,0.564744304,0.465529928,60.0
YIR037W,1.0,0.677281888,0.619830425,0.627547616,0.848946843,0.532025801,0.502381509,,0.114850672,60.0
YCR033W,1.0,0.652104361,0.677972608,,0.667517605,,0.652104361,0.423071705,0.231285023,50.0
YMR074C,1.0,0.877305708,0.688983196,0.635298786,,0.831613309,0.597951193,0.417175614,0.260999148,50.0
YMR173W,1.0,0.692316505,1.030563521,0.962968195,,0.577452569,0.714229866,0.563775557,0.254500896,60.0
YBR230C,1.0,0.86090677,0.701987323,,0.870552181,,0.583524719,,0.214785121,60.0
YJL121C,1.0,0.98499723,0.96463488,0.911197113,0.943316131,0.757933188,0.546220034,0.100980344,0.268322169,50.0
YGR284C,1.0,,0.605037056,0.908119747,,0.676410349,0.732262857,,0.271988758,60.0
YDR342C,1.0,,1.196469651,,,,0.918880266,0.597849892,0.274042713,60.0
YLR425W,1.0,0.861738477,0.764703356,,0.833698615,0.90676433,0.905985738,0.780477779,0.289805433,60.0
YLL014W,1.0,1.034552123,0.53017501,,,,,,0.220368996,60.0
YER060W-A,1.0,1.133127432,0.786896017,0.916673363,0.961335837,,0.60862906,,0.310217642,60.0
YDR343C,1.0,0.971885384,,,,,0.693842179,0.413221204,0.249257472,50.0
YOR015W,1.0,0.770993171,0.782826614,1.06534287,1.07328645,,0.89031849,,0.313315024,60.0
YLR022C,1.0,0.794756085,0.706459214,,0.711695536,0.64974373,,0.31571493,0.4431356,50.0
YML004C,1.0,,0.638451036,0.657392034,,0.525171071,,0.573566247,0.225751254,60.0
YKR048C,1.0,0.674818516,0.823298329,0.739367208,0.645311772,,0.543911568,,0.272610752,60.0
YPR073C,1.0,,0.64147371,0.907358411,,,0.5264403,0.360013534,0.355634073,50.0
YCL035C,1.0,0.836809499,0.740957122,0.760016488,,0.725511617,0.501222068,,0.216453966,60.0
YOL052C-A,1.0,0.663239372,,0.918776743,1.115355396,0.7454909,0.71334831,0.314092587,0.278497317,50.0
YPL135W,1.0,0.809393521,1.187563659,,1.209547278,,0.874480169,0.383578065,0.745958522,50.0
YMR099C,1.0,,0.602307108,,0.794134033,,0.514350196,0.408283203,0.419535606,50.0
YDL089W,1.0,0.633105611,0.669525851,,,,,0.299729528,,50.0
YGL026C,1.0,0.826954103,0.581334102,0.719638336,0.901574837,0.630358764,0.50787464,,0.304936626,60.0
YOR375C,1.0,1.075259872,0.918272402,0.641295815,0.783403268,0.633197078,0.621236865,0.609498406,0.19296074,60.0
YJL075C,1.0,0.75913077,0.922700007,0.649012864,,,,,0.443413353,60.0
YOL081W,1.0,0.837070916,1.026617574,0.830709183,,0.843476898,0.685188774,0.581003487,0.152802612,60.0
YCR082W,1.0,0.817687838,0.570613745,0.696681887,,,,,0.360750352,60.0
YDR513W,1.0,0.674557403,0.518560361,0.811877091,0.598338302,,0.949341798,,0.256918214,60.0
YMR058W,1.0,1.027223308,0.723977075,0.753210592,1.025580232,,0.514866918,,0.252160136,60.0
YNL014W,1.0,1.182002363,1.225532372,,,,0.50499201,0.936682862,0.480719839,60.0
YDR139C,1.0,0.610340618,0.854540284,,0.53064769,0.672346342,0.590846602,0.717886564,0.193787508,60.0
YOR172W,1.0,0.795135117,0.764377462,0.576494223,,,0.740527426,0.410076967,0.227300273,50.0
YJR125C,1.0,0.555275015,0.658809981,,1.056341372,,0.682584452,0.073436523,0.167084033,50.0
YPL199C,1.0,,0.557891736,,,,0.534068596,,0.218895841,60.0
YGL041C,1.0,0.552837969,0.718580721,0.80843097,0.864757836,0.793322329,0.649133659,,0.446344011,60.0
YPL226W,1.0,0.836230229,0.603017854,0.681791377,0.817608849,0.692266615,0.59377133,0.353511921,0.219707191,50.0
YJR044C,1.0,0.752759191,0.792359562,0.572068501,,,0.694976011,,0.178812619,60.0
YER137C,1.0,0.92912603,0.679716026,1.083850538,1.107850422,,0.512754475,0.331728519,0.456359003,50.0
YBR089W,1.0,,0.917432553,0.917432553,,,0.688472827,0.747640109,0.136719495,60.0
YLR072W,1.0,,,,,,0.974535741,0.626719451,0.463994333,60.0
YMR247C,1.0,1.254855669,1.12169051,,1.09262707,1.073584496,0.743271207,0.354726199,0.069930457,50.0
YPR112C,1.0,0.80057594,,0.753901621,1.040700668,0.78247531,0.617621161,,0.103036913,60.0
YMR077C,1.0,,0.515080758,,,,0.571367808,,0.428157268,60.0
YER003C,1.0,0.861884978,0.901296742,0.806437362,0.653575556,0.633336567,0.557329329,,0.193619689,60.0
YGR139W,1.0,0.904806364,0.704588825,1.004854442,,,0.727792976,0.358986417,0.144914477,50.0
YNL160W,1.0,0.759430569,0.788449144,0.887705627,1.012605204,0.576379071,0.774975636,0.398165797,0.427198997,50.0
YER004W,1.0,0.608728533,0.54514823,0.586796496,0.757551832,,0.57823431,,0.347712335,60.0
YMR128W,1.0,0.707042143,0.734206658,1.179453469,1.088223738,0.680802951,0.528669985,0.286516368,0.283859626,50.0
YMR175W,1.0,1.002723223,,0.905880891,0.736511461,0.690247305,0.662608211,0.344876333,0.257381428,50.0
YDR135C,1.0,0.989178799,0.727667736,0.899961752,0.706506296,0.893426139,0.53623107,0.279171592,0.335407088,50.0
YML023C,1.0,,0.536952989,0.813517873,,,0.552967098,,0.437006149,60.0
YOR044W,1.0,1.126160362,0.798256853,,,0.634817515,,0.170451459,0.337364824,50.0
YJR048W,1.0,0.63140893,0.743396511,0.535193596,,,0.679427156,,0.372002998,60.0
YLR031W,1.0,0.553949965,0.992550235,,0.941823005,0.948919934,0.637992785,0.773558904,0.46074845,60.0
YDR209C,1.0,,0.723884491,0.779552444,,,,0.294018041,0.63292741,50.0
YKR095W,1.0,0.794677924,0.777050342,0.800635713,0.95674363,,0.578334016,0.737317208,0.256018921,60.0
YMR173W-A,1.0,1.010937246,,,,1.033132734,0.904062377,0.58577325,0.470345318,60.0
YKL094W,1.0,0.866586114,0.583167868,,0.92592573,,0.698719229,0.688338928,0.326990555,60.0
YLR327C,1.0,0.794214418,,,,,,0.449105842,0.548065686,50.0
YGR137W,1.0,,0.891297032,,,1.063797078,0.605077907,0.915294612,0.3276669,60.0
YPL235W,1.0,0.887381976,1.014975852,,0.757311879,,0.583020836,0.498124063,0.372041871,50.0
YDR138W,1.0,1.129537441,0.971678462,,,,0.605318772,1.028866568,-0.082611574,60.0
YPR054W,1.0,,0.554846886,1.177219704,,0.932441324,0.655466142,0.803672924,0.315946643,60.0
YDR355C,1.0,,0.525508318,,1.171872813,,0.723689229,0.402056881,0.305133383,50.0
YMR071C,1.0,,0.762773289,,,,0.60374885,,0.433505291,60.0
YPL126W,1.0,1.186774743,0.795184432,0.703817698,,0.526599401,,,0.247896804,60.0
YMR073C,1.0,,0.743306522,,,,0.627524418,,0.370005743,60.0
YNL323W,1.0,0.74894524,0.857844911,0.57642295,,,,,0.195504508,60.0
YPL120W,1.0,,0.908126426,,,0.585603435,0.514021126,,0.455634015,60.0
YPR050C,1.0,,0.599991817,0.613247415,,0.604988462,0.624890479,0.426054734,0.440885406,50.0
YNR005C,1.0,0.504930379,0.912281048,,,0.876178836,,0.346504837,0.308315855,50.0
YHR145C,1.0,,0.796291218,,1.136692633,,0.599051987,0.603135733,0.270506943,60.0
YPL052W,1.0,,,,0.981539233,,,,0.141492592,60.0
YDR527W,1.0,0.731905417,0.921617328,0.577772998,0.548691085,,0.501752125,,0.232933473,60.0
YLR334C,1.0,0.588182516,1.009175061,0.51913892,,0.958101679,0.517551034,,0.317764401,60.0
YNR057C,1.0,,0.721426006,0.958792987,0.959495688,,0.577471875,0.758880809,0.347913806,60.0
YBR033W,1.0,0.747352407,0.758550724,,0.816931254,,0.810909427,0.668135368,0.432165338,60.0
YBR183W,1.0,,0.609493606,0.756287998,0.826645862,0.922558098,0.534006878,0.737943712,0.262664479,60.0
YFR003C,1.0,0.850787159,,0.832761552,0.596685015,,,,0.332227519,60.0
YOR012W,1.0,,0.93276632,0.736267032,,,0.741770828,0.869176469,0.273098331,60.0
YKL150W,1.0,0.888907633,0.980795357,0.916795406,,1.051307936,0.704256324,0.364987029,0.491594271,50.0
YOR216C,1.0,0.759427982,0.769664915,0.680439323,0.826472273,0.568881927,0.625906651,,0.195533355,60.0
YGR116W,1.0,,0.619304127,,,,0.548414049,0.500174286,0.279319368,60.0
YEL063C,1.0,0.554575581,0.615435572,,,,0.737027351,0.444363913,0.51169026,50.0
YPR115W,1.0,0.733137095,0.838076095,,,,0.529600071,0.733137095,0.422860183,60.0
YOL106W,1.0,0.538474648,,0.767176463,,0.592808189,0.505970043,0.802765909,0.34527731,60.0
YOR121C,1.0,1.029714812,,1.007351645,,,0.629349252,,0.285488545,60.0
YBR206W,1.0,1.005510964,0.749269686,0.848884952,0.89591924,0.671131337,0.783522653,0.685922543,0.369259716,60.0
YLR309C,1.0,1.042249683,0.872366212,,1.16193954,,0.584596765,0.609098621,0.478280368,60.0
YDR357C,1.0,,0.657373161,,1.033146018,,0.933599603,0.527490946,0.467472751,60.0
YDR214W,1.0,,,,,0.557236722,0.777836723,,0.226571569,60.0
YFR057W,1.0,0.837806436,0.819364278,1.148974032,,,0.516733454,0.570958026,0.258504058,60.0
YMR195W,1.0,,0.770510003,0.876146433,,,,,0.290689508,60.0
YLR303W,1.0,0.814435607,0.592533202,0.641216525,0.54639632,0.773079508,0.628714734,0.454009201,0.264191239,50.0
YLR098C,1.0,0.732461256,0.644457514,0.528408769,0.94286193,,0.766081587,0.332243152,0.228535944,50.0
YGR008C,1.0,1.194762533,0.979279372,0.787805964,1.172364632,0.728343956,0.575608047,,0.395917456,60.0
YDL093W,1.0,0.956846976,0.646869324,,0.694937542,,0.629942802,0.634737122,0.386059366,60.0
YMR176W,1.0,,0.981798316,1.120170922,0.996334387,,0.676807249,0.473931564,0.326953998,50.0
YCL039W,1.0,,1.157581619,1.183160137,1.045002672,,0.548920729,0.518087259,0.459225351,60.0
YCR020C,1.0,0.967447683,0.853241081,0.939352497,0.981790101,0.599332051,0.572474213,0.305794278,0.576873311,50.0
YMR045C,1.0,1.136291681,0.981428284,1.103578153,0.804869585,,0.564829359,0.808474099,0.34767604,60.0
YOR052C,1.0,0.683553974,1.187105586,0.881183532,0.885761741,0.531504936,0.979984324,,0.25257101,60.0
YMR313C,1.0,0.840632107,0.707877035,0.885419792,,,0.780304326,0.663427883,0.384001795,60.0
YGR133W,1.0,1.170813741,0.725369158,,,,0.627950416,0.7491374,0.283609184,60.0
YDR177W,1.0,1.095164043,0.654431564,0.713200001,,0.616815363,,0.295336712,0.373011124,50.0
YOL089C,1.0,0.672719677,0.581814064,,,,,0.373714508,0.222856837,50.0
YNL281W,1.0,0.662400987,0.824092598,,1.172657407,,0.769407069,0.260444765,0.305959542,50.0
YOR186W,1.0,,0.576187434,0.690497965,,,0.504166037,0.478886798,0.56872145,50.0
YBR216C,1.0,0.885315371,0.994863534,,,1.118725307,0.680393784,0.323475766,0.429090487,50.0
YDR274C,1.0,0.578478283,0.824944073,0.726408145,0.574057557,1.029843126,0.596470821,,0.27439289,60.0
YER174C,1.0,0.86418111,0.622249447,,,,,,0.303604407,60.0
YOR093C,1.0,0.765515495,1.052789502,0.843526757,1.100121674,,,0.294828607,0.274190582,50.0
YMR027W,1.0,0.632413853,0.69054456,0.71438387,0.777630061,,0.81085753,0.504411473,0.388624834,60.0
YPR154W,1.0,0.856461934,,0.954271652,,1.140700753,0.548609496,0.678877098,0.224066765,60.0
YER089C,1.0,,0.731482643,0.595859892,,0.595859892,0.577840115,,0.244306207,60.0
YMR264W,1.0,0.703072218,,0.554056764,,,0.63317418,0.176458825,,50.0
YJL069C,1.0,0.646531667,,0.638702877,0.670545788,,0.514462688,,0.221999574,60.0
YHR121W,1.0,0.600816809,0.707016657,0.689595433,,,,,0.157727307,60.0
YLR139C,1.0,0.799112017,,1.059866233,,,0.557088449,0.258350085,0.272488191,50.0
YDL100C,1.0,0.779879728,0.974865195,0.668647364,,0.732718018,0.577836813,0.498286923,0.198665511,50.0
YJR018W,1.0,0.847953826,1.072017469,0.853659716,0.629087306,0.782188783,0.526972928,,0.390475984,60.0
YDR264C,1.0,0.862234666,0.581857182,0.86867881,0.604641768,,,,0.247804108,60.0
YPL185W,1.0,,0.741171329,1.067724214,1.183083208,1.055239031,0.646199379,0.835019106,0.446526684,60.0
YAL059W,1.0,,0.705799084,0.537695337,,,0.513550572,,0.188133395,60.0
YMR255W,1.0,0.891523006,,0.844333127,,,0.554840242,,0.429155926,60.0
YDR519W,1.0,1.095207535,0.762740538,0.6753072,0.929006911,,,,0.275467636,60.0
YGR172C,1.0,0.556822989,,,,,0.531480766,0.297763105,0.447432359,50.0
YDR024W,1.0,,,0.722369997,,0.809909485,0.595182344,,0.151688331,60.0
YNR061C,1.0,1.165245788,,0.870466186,,,,0.468352911,,50.0
YPR117W,1.0,,,0.981693672,0.73918039,,0.507424537,0.669833841,0.440210762,60.0
YLR077W,1.0,,0.677172436,0.822064142,,,0.646409008,0.622622381,0.367442923,60.0
YPL201C,1.0,,,,1.15556475,,0.887091174,,0.198467543,60.0
YDL035C,1.0,,,,,,0.71431928,,0.349207253,60.0
YNR055C,1.0,,0.73427176,0.808549221,,,,,0.488901568,60.0
YJL152W,1.0,,0.902056179,0.639139722,0.999261135,,0.547391909,,0.370656271,60.0
YOR354C,1.0,0.956562143,0.622707595,0.987508649,0.854274987,,0.587349202,0.493342596,0.388580776,50.0
YGR174C,1.0,0.519526505,0.620312263,,,,,,0.337154291,60.0
YDL170W,1.0,0.549797597,1.120985383,0.842177337,0.652349447,0.730581091,,,0.227567495,60.0
YPR094W,1.0,,,0.648865212,,,,0.514519747,0.353793843,60.0
YDL080C,1.0,0.894295101,0.776838489,0.839290735,,,0.765797384,,0.144061065,60.0
YLR120C,1.0,0.867639815,1.044557201,0.844596034,,0.66317129,0.570364253,,0.22138702,60.0
YHR079C-A,1.0,,0.568614574,0.528428919,,,0.835626827,0.227718285,0.182675691,50.0
YDL076C,1.0,,0.746304468,,,,,,0.411579873,60.0
YJL217W,1.0,1.127032687,0.757035561,,1.180416951,0.568852121,0.527378197,,0.418447386,60.0
YLR252W,1.0,,1.182586656,,,0.506059629,0.605914449,0.276992922,0.430234855,50.0
YNR025C,1.0,,0.608912593,0.675938627,,0.823071145,0.793875491,,0.386035114,60.0
YOR008C-A,1.0,,0.942327195,1.053154903,,0.817515924,0.735515732,0.515829221,0.233651216,60.0
YKL006C-A,1.0,,0.681303156,,,,,,0.400797971,60.0
YEL011W,1.0,,0.524677193,,,0.638654381,0.754239843,0.574015336,0.339304897,60.0
YDR395W,1.0,0.647998759,0.529993532,0.790998307,0.534167423,0.607382569,0.711906253,0.349263351,0.171602687,50.0
YEL039C,1.0,,,,1.111144007,0.941899211,0.663948336,,0.462671114,60.0
YMR196W,1.0,1.106651895,0.990395994,,1.030862697,0.899641354,0.937345172,0.494816217,0.521284847,50.0
YOR393W,1.0,,0.829585286,1.095324068,,,0.891557339,0.885570707,0.337032301,60.0
YOR114W,1.0,,,,0.520737642,,0.519917343,,0.441236104,60.0
YBL066C,1.0,1.109180621,0.900242773,1.167874921,0.842113775,0.98524979,0.640378702,,0.315359694,60.0
YHR142W,1.0,,0.637397938,,,,,,0.406034076,60.0
YLR352W,1.0,,,,,0.865833803,0.522546804,0.789232545,0.346525904,60.0
YGL239C,1.0,0.608500934,0.518337638,,,,,,0.20851284,60.0
YPR095C,1.0,,1.037817873,1.125777956,0.506285205,1.0,0.50228798,0.823149368,0.309392089,60.0
YOR356W,1.0,,1.018747074,,1.003723471,,0.851507433,,0.45453452,60.0
YNR007C,1.0,0.847000613,0.727385039,,0.743631441,0.854682761,0.752163774,0.588522428,0.263900515,60.0
YJR061W,1.0,,,1.100342637,,,0.624280996,0.285799201,0.285054339,50.0
YEL060C,1.0,0.945988542,,0.769697608,1.185045464,0.709446645,0.587213996,0.99074184,0.438532036,60.0
YOL098C,1.0,1.143874499,0.879055453,0.843436156,1.098349498,0.824572248,0.689625012,,0.155173201,60.0
YLR310C,1.0,0.952705741,0.795429481,0.99628585,0.981557305,0.795429481,0.528270355,0.642136278,0.244524389,60.0
YOR382W,1.0,1.190807809,0.643595931,0.669918766,,0.617246555,0.602559745,,0.231714631,60.0
YDR001C,1.0,1.105344199,0.870752288,0.991842878,0.918406039,0.611891357,0.775108686,0.601044521,0.408673507,60.0
YPL130W,1.0,0.731439456,0.947699961,0.822209026,,0.503790398,0.850614105,0.529595062,0.206827914,60.0
YOR173W,1.0,,1.073125,,,,0.759852853,1.097235559,0.491496662,60.0
YBR190W,1.0,1.183943505,0.79768447,0.75811141,0.603222111,,0.857041381,0.97861936,0.410438498,60.0
YLR140W,1.0,,,0.910140238,,,1.018781484,,0.31962482,60.0
YNL009W,1.0,,1.110337119,0.921105213,,0.860882494,0.763251863,,0.383471351,60.0
YOR214C,1.0,,,,,,,,0.391120767,60.0
YGL036W,1.0,,0.893837454,1.177099937,1.126091741,0.521362965,0.644113289,0.739680998,0.13580168,60.0
YPR131C,1.0,0.689607443,0.521149722,0.880827832,0.98703793,1.100965948,,,0.4238601,60.0
YPR092W,1.0,,0.701046362,0.55051191,,,,0.446233049,0.436564527,50.0
YLR296W,1.0,,,0.823595636,,,0.61256623,,0.491604125,60.0
YDR179C,1.0,0.719500024,0.54998485,0.563569548,0.647483273,0.579262066,0.564899754,,0.199626408,60.0
YDL091C,1.0,0.553813085,0.957613242,,1.057398643,,0.961919477,0.266609679,0.450004409,50.0
YLR042C,1.0,,,,0.597490711,,,0.183885972,0.620273207,50.0
YNL011C,1.0,,,0.750252226,,0.700817497,0.776432394,,0.436488334,60.0
YLR116W,1.0,1.188194655,1.144278357,1.019950802,,1.031407196,0.696213105,,0.479910026,60.0
YML070W,1.0,0.916843981,1.193930423,1.015782013,1.012003528,0.775781349,0.675829045,1.07087405,0.359876646,60.0
YPL132W,1.0,,0.571195439,,0.703405278,,0.810103518,0.555672378,0.413352456,60.0
YPR069C,1.0,1.057447779,0.588430959,0.794848036,,1.113828209,0.514509385,0.445175592,0.300107219,50.0
YEL017W,1.0,,0.514281166,0.591414246,,,0.52377733,0.321690912,0.235019125,50.0
YLR137W,1.0,0.850286762,0.924422381,0.79603924,,,0.663316056,0.95114135,0.313331715,60.0
YPL137C,1.0,1.077329975,0.880237174,,0.985166877,,0.643335823,0.545700599,0.37558083,60.0
YPR098C,1.0,,0.638257645,0.80865195,,,0.671253156,0.550346025,0.248971496,60.0
YNL129W,1.0,0.516549311,0.999626462,0.697319338,,,,0.455615037,0.094292233,50.0
YOR218C,1.0,0.807664954,0.778680017,0.610626719,1.024561908,0.727423461,0.686618191,,0.194915821,60.0
YOR266W,1.0,0.567359234,0.700221165,0.61369353,,,0.594773561,,0.198925239,60.0
YNR004W,1.0,,,,,0.922909963,0.870209168,0.339090439,0.18856896,50.0
YBR222C,1.0,0.550311571,0.523428779,1.038045262,0.724721446,0.718065318,0.597340239,0.057991047,0.110161784,50.0
YLR445W,1.0,0.915589387,0.919043022,,,,0.584437779,,0.419579055,60.0
YIL162W,1.0,1.123659479,,,,0.990689468,0.570310407,,0.240840649,60.0
YGL126W,1.0,0.785276622,0.673345889,1.077471627,0.673345889,0.791290861,0.77042215,0.718474559,0.371302209,60.0
YOL085C,1.0,0.85020705,,,0.865148705,,,,0.475967565,60.0
YKR030W,1.0,1.152057574,1.195514198,1.045872905,0.662719914,0.920698021,0.514924252,,0.49465102,60.0
YLR146C,1.0,0.889282002,0.650953631,0.679368773,,0.953841146,0.646406148,,0.249688611,60.0
YNL105W,1.0,0.973369349,0.685092943,,,0.857513598,0.549145921,,0.137020066,60.0
YOR314W,1.0,,0.82489114,0.837534579,,,,0.555186799,0.237176874,60.0
YEL016C,1.0,,0.651781419,0.774248499,,,0.504411843,,0.420590241,60.0
YLR270W,1.0,,0.668842132,,,0.901016459,0.793636549,0.401059187,0.385920232,50.0
YBR156C,1.0,,0.619812033,1.156500226,,0.770001431,0.634545338,0.450026844,0.446356225,50.0
YPR023C,1.0,1.048272613,0.858698965,0.603440395,,,,0.443745641,0.077180999,50.0
YBL043W,1.0,,,,,,,,0.334061068,60.0
YEL023C,1.0,,1.110248545,0.979941034,,,0.615755102,,0.499900485,60.0
YOL087C,1.0,0.680730819,0.847301293,,0.848590359,0.866168788,1.155292747,0.874750529,0.26945843,60.0
YNL269W,1.0,0.679398535,0.817822068,0.670479731,0.968955896,0.685757736,0.524569005,0.323505227,0.156637922,50.0
YOR376W,1.0,,,0.642077835,,0.695661014,0.689219642,0.487287767,0.782662324,50.0
YOR019W,1.0,0.841184114,0.866481906,,,,1.04360668,,0.345681833,60.0
YMR134W,1.0,0.899835674,0.992518607,0.639955593,,,0.717511905,0.344461392,0.218818059,50.0
YER066C-A,1.0,0.550620526,,,,0.802721931,0.503671566,0.777297951,0.440592985,60.0
YML130C,1.0,,,,,1.161120134,0.913520386,0.219538523,0.321394269,50.0
YIL130W,1.0,1.101761809,0.633557037,,,1.16155472,0.535985084,0.657303858,0.286616325,60.0
YLR435W,1.0,1.022386331,1.153824081,0.703876598,0.814731293,,0.63501989,,0.320344182,60.0
YHR018C,1.0,,0.767099891,1.022008265,0.957288686,,0.51038597,,0.302248139,60.0
YDR144C,1.0,0.845709904,0.615707709,0.721993072,,0.721434555,0.77506873,0.883179692,0.274418151,60.0
YKL194C,1.0,0.682452835,0.737476286,0.666675886,1.094035669,0.766451715,0.510675451,0.800732151,0.21656771,60.0
YML113W,1.0,0.579495153,0.757212845,1.054329332,,0.651264726,0.561328902,0.727402683,0.491097238,60.0
YEL012W,1.0,,1.088405192,,,,0.6463607,,0.389864782,60.0
YPL136W,1.0,,0.791400084,1.128109612,,,0.720885217,0.653479087,0.37525456,60.0
YPL171C,1.0,1.14438232,1.086083851,0.941390018,0.839883398,,0.596361394,0.719959713,0.196637626,60.0
YOR055W,1.0,0.736833107,,,1.062765482,,0.644262706,0.195044743,0.584980503,50.0
YDR406W,1.0,1.069966585,0.827063805,1.119095542,,,0.892665088,,0.413153892,60.0
YOR389W,1.0,,1.06317291,1.100436304,,,0.567681944,0.858307203,0.417482697,60.0
YHR100C,1.0,,,1.06317664,0.748570091,0.713975032,0.835640537,0.321029641,0.686689245,50.0
YNR040W,1.0,,0.566006994,0.678905014,,,0.557014018,0.88857232,0.349769858,60.0
YOR011W,1.0,0.653302381,,1.034448048,0.674122595,0.988754033,0.670437262,,0.135670426,60.0
YIL110W,1.0,0.66747445,1.09473616,0.576149164,0.76958241,0.640746034,,0.252695798,0.558000909,50.0
YGR286C,1.0,0.763811554,,0.67861236,0.96002171,,,,0.339286343,60.0
YLR329W,1.0,,,,0.610520257,,0.622244623,,0.382726856,60.0
YCR017C,1.0,,0.563242635,0.554270411,,,,,0.375567771,60.0
YHR090C,1.0,0.586212507,0.744473849,1.128509831,0.722820194,0.775643521,0.584344409,0.125749545,,50.0
YOL083W,1.0,0.766594263,,,0.849221761,,,1.070100062,0.416219336,60.0
YPR021C,1.0,1.013672942,0.724930197,0.66517358,,0.666219895,0.550913113,0.274202101,0.093834267,50.0
YGL007W,1.0,,0.521322284,,0.915143236,0.826680927,,0.326597448,0.182235432,50.0
YIL083C,1.0,0.652061379,0.570998497,0.847847856,0.557404701,,0.704738316,0.090661551,0.494732391,50.0
YDR525W,1.0,0.700892266,,0.70308688,0.738466868,,0.791766518,,0.282026282,60.0
YKR067W,1.0,,0.987983137,1.100262029,1.126105091,,0.716380378,0.571450225,0.428339362,60.0
YDR367W,1.0,1.005299468,1.138811538,0.676612221,0.840724316,0.752352465,,,0.082941691,60.0
YGL038C,1.0,,1.132031717,0.515698441,0.946952714,0.744775093,0.659771582,,0.294516227,60.0
YBR016W,1.0,,,0.671801099,,,0.530114396,,0.219123584,60.0
YJL160C,1.0,0.945869604,0.673629564,0.839724524,,1.038040547,0.672043719,,0.256616917,60.0
YPL100W,1.0,0.981277025,0.551475794,1.011390512,,0.959233544,0.738969283,0.465754136,0.521101308,50.0
YBR128C,1.0,,0.813958448,1.144843323,,0.913004606,0.544780156,0.963600674,0.411502723,60.0
YKL092C,1.0,,0.777085539,,0.845802273,,0.502160557,0.639090814,0.26940456,60.0
YMR067C,1.0,,0.74927261,,,,0.508327413,0.746948058,0.454852346,60.0
YLR112W,1.0,,,0.704486092,0.948352869,,0.890954495,1.00530388,0.341480467,60.0
YBR272C,1.0,,0.574464031,,,,0.566672451,,0.325348784,60.0
YGL152C,1.0,0.504746655,0.582495587,0.685312537,,,0.63484005,,0.256469767,60.0
YFR048W,1.0,,0.856792731,,0.816922437,,0.74329854,0.749684353,0.228863849,60.0
YPL138C,1.0,,0.860734067,,,,0.510875181,,0.361017738,60.0
YBL053W,1.0,0.642018709,,,0.724067944,0.698478495,0.884420023,0.899413881,0.28174142,60.0
YJL091C,1.0,,1.11330623,,,,0.694639662,,0.339867997,60.0
YKR100C,1.0,1.033802776,,,,,,0.447842914,0.443746058,50.0
YPL150W,1.0,,1.188657487,,,,0.680293258,0.899052803,0.465694315,60.0
YGL136C,1.0,0.657234553,0.902109312,0.600791733,0.728448556,0.520380851,0.642834043,,0.194890873,60.0
YDR533C,1.0,1.006452752,,0.738743509,0.691212431,,0.666108311,,0.247736491,60.0
YPL233W,1.0,1.105074557,,,,0.654006813,0.828434901,0.822708648,0.474854011,60.0
YER081W,1.0,0.598691749,0.710320066,0.827140081,0.637088237,0.881597734,0.663339682,0.47087721,0.459666313,50.0
YBR212W,1.0,,1.057505568,1.085748866,1.093122856,,0.655216619,0.245546965,0.310646067,50.0
YML049C,1.0,1.022961904,0.764595009,0.653606613,,0.526210787,0.648450854,,0.403072287,60.0
YKL103C,1.0,,0.707681912,,,0.8975458,,,0.419746389,60.0
YBL089W,1.0,,0.816903596,0.737919824,,,,,0.161487333,60.0
YNL296W,1.0,,,0.800957754,0.62809389,0.6814618,0.551497656,,0.373259106,60.0
YBR024W,1.0,,,0.641461498,,0.852259476,0.638413079,,0.381243808,60.0
YOR288C,1.0,1.012574597,0.530126275,1.123570505,1.178763242,0.521971041,0.562477909,0.481969801,0.119378666,50.0
YMR036C,1.0,0.854522493,,,0.570898843,0.600065209,0.752089632,0.617584698,0.271880719,60.0
YHR104W,1.0,,,,,1.188985662,,0.489681038,0.450630774,50.0
YKR069W,1.0,,0.964579628,,1.145753079,1.096090741,0.604049823,0.366034959,0.491830411,50.0
YOR220W,1.0,0.641014939,1.006843799,0.985691427,,1.034649954,0.79961146,,0.29275299,60.0
YDR163W,1.0,,0.950004478,,,,0.76408935,0.657193887,0.351832319,60.0
YPR017C,1.0,,0.552890191,0.855742516,,0.61388993,0.56831704,0.193678967,0.061333179,50.0
YOR120W,1.0,0.584556291,0.732206574,0.918276352,,0.730490125,0.851136186,,0.256469819,60.0
YPR026W,1.0,0.643570128,0.911606118,0.705912704,,,0.693800988,0.4461979,0.185038954,50.0
YHR022C,1.0,0.702486308,0.711377654,,,,0.624253382,,0.465850506,60.0
YOR325W,1.0,0.887780924,0.832840067,,,,0.606728237,,0.334901614,60.0
YIL089W,1.0,1.165441209,0.748193421,0.763526847,0.965637288,,0.88301787,,0.20770231,60.0
YBL073W,1.0,0.817749605,,,,0.996588182,0.598046837,,0.143642022,60.0
YJL074C,1.0,0.696183145,,0.828550641,0.86579766,0.641108312,,,0.377780035,60.0
YLR080W,1.0,,0.776272965,,1.043761735,,0.62145552,,0.438096947,60.0
YMR057C,1.0,0.689782248,0.979677481,0.629570599,,0.8091464,0.626058204,0.490476771,0.276682792,50.0
YHR021W-A,1.0,,0.880858022,0.884929821,0.933706761,,0.912512241,0.749679126,0.319201875,60.0
YCL042W,1.0,,1.102592114,,,,0.642526739,,0.301034582,60.0
YGR131W,1.0,0.87369039,,1.19538935,,1.032010777,0.559180515,0.535516087,0.268353522,60.0
YGL221C,1.0,,0.836063219,0.86362813,0.950578981,0.51219965,0.592683853,0.446354689,0.267722648,50.0
YDL037C,1.0,,,,,,0.590824249,0.863898518,0.300279638,60.0
YPL258C,1.0,0.723612137,0.944756199,0.687431354,0.503547005,0.701708356,0.551179395,,0.267838466,60.0
YPR155C,1.0,0.93432782,,,1.111025503,0.937910842,0.782239474,,0.323750293,60.0
YKL062W,1.0,0.691496955,0.919411925,0.609625594,0.703069349,0.576590048,0.739394669,,0.209512585,60.0
YOL108C,1.0,0.747224254,0.61177285,0.81481668,,0.736745085,0.703854651,,0.30799609,60.0
YNL203C,1.0,,0.85884947,0.724077217,,,0.547420231,,0.224003128,60.0
YJL068C,1.0,,0.823043101,0.946902363,,0.925395527,0.725769784,0.286222975,0.354848429,50.0
YPR045C,1.0,,0.686733553,,1.098980331,,0.76432724,1.080045802,0.372097717,60.0
YEL010W,1.0,,,,1.055445238,,0.767423753,0.559874322,0.358850292,60.0
YBR071W,1.0,0.984861955,0.502058229,1.007648084,0.558787572,0.577296401,0.502058229,0.283837402,0.190999527,50.0
YAR014C,1.0,1.046705933,0.739478285,1.190092381,,,0.677861627,0.497773034,0.245782088,50.0
YKL076C,1.0,0.916010227,,0.847258909,,,0.810531297,,0.392666353,60.0
YGR089W,1.0,1.055152503,0.959173623,1.032924797,,0.626051062,0.790452305,,0.162553279,60.0
YLR456W,1.0,,0.598683399,,,,0.607968571,0.497541737,0.256336456,50.0
YOR192C,1.0,,0.844478642,0.790330116,,0.945267384,0.610856109,,0.355161426,60.0
YLR097C,1.0,,,,0.925490954,,0.773469889,0.378347518,0.62656753,50.0
YGR130C,1.0,,0.860660927,0.761385808,1.013063766,0.900851111,0.589606552,0.632604318,0.37527806,60.0
YJR115W,1.0,1.00306035,,1.130989186,,,0.601163674,0.617938108,0.273392018,60.0
YPL087W,1.0,1.055603454,1.049200615,1.094775129,,0.52166979,,,0.315702502,60.0
YKL158W,1.0,0.607020734,1.127580556,0.723871248,0.578125541,0.531240042,0.585237072,0.64694583,0.314809037,60.0
YDR428C,1.0,0.692376791,,1.015389651,,1.167448777,0.916944909,0.656834398,0.416515611,60.0
YOR053W,1.0,0.734204856,,0.935481704,0.592845008,0.541354092,,0.303019695,,50.0
YDL057W,1.0,0.982928432,0.868240374,0.593788721,0.53860646,0.518035195,,0.935080132,0.400354775,60.0
YDL045C,1.0,,0.771350373,,,,,,0.393455078,60.0
YOL133W,1.0,,0.827783151,0.709889348,,,0.637634451,,0.278748035,60.0
YBR174C,1.0,,0.618742847,,,,,1.022827374,0.33866851,60.0
YHR016C,1.0,1.168733495,,1.142518406,0.973512728,,0.568133068,,0.202511439,60.0
YCR024C,1.0,0.814231333,0.683648365,0.838115836,0.953144154,0.533331699,0.68858469,,0.373385336,60.0
YPR140W,1.0,1.198709552,,,0.776125535,,0.738459976,0.664679007,0.480241058,60.0
YGL256W,1.0,0.979128453,,1.074014241,0.618595035,0.647251317,0.614092426,,0.437980808,60.0
YBR053C,1.0,0.849550983,1.158273813,,,0.93818074,0.562302603,0.371243688,0.389778855,50.0
YLR457C,1.0,,0.692738843,,0.932745355,,,0.67467347,0.394928566,60.0
YPL139C,1.0,,1.180446587,,1.031100066,,0.857468242,0.478427437,0.639465185,50.0
YPL060W,1.0,0.988175036,0.851097983,0.945766157,,0.562211261,0.547994365,0.50162643,0.29247578,60.0
YOR190W,1.0,,1.036259669,0.777645821,,,0.878660952,,0.308311456,60.0
YJL204C,1.0,0.77978177,0.914474936,0.887231214,0.732527698,0.583946077,0.673596091,0.250154371,,50.0
YOL112W,1.0,0.873525163,0.922282101,0.583886866,,0.551157004,0.741265296,,0.182779749,60.0
YNL205C,1.0,1.150607767,0.900397522,0.713501032,,,0.608256502,,0.20618519,60.0
YMR030W,1.0,,,,0.996167273,0.853258191,0.672820166,0.305046718,0.421693515,50.0
YMR293C,1.0,,0.842309004,0.85557413,,,0.656446223,,0.41559746,60.0
YKR070W,1.0,,0.602097014,0.874393885,1.152973504,0.79531954,0.714580548,,0.350032377,60.0
YJL081C,1.0,0.681790037,0.610169539,0.766591833,,,,,0.348118286,60.0
YOR268C,1.0,0.837549711,,0.831662951,1.02920525,1.111747027,0.598954747,0.213781326,0.196155903,50.0
YHR122W,1.0,0.705029521,0.767716076,0.559530834,1.0209546,,0.668079447,,0.141043586,60.0
YGR107W,1.0,,,0.811298484,,0.813854525,0.761034607,0.776862198,0.264048706,60.0
YER115C,1.0,,0.538443466,1.169400527,1.102093797,0.532631422,0.701585133,0.413889581,0.157339373,50.0
YJL029C,1.0,,0.747220589,,0.709476542,0.6728528,0.533940097,0.200597987,0.565463455,50.0
YOR087W,1.0,0.827339324,,0.977163717,1.010044153,,0.517596284,0.446329538,0.402665172,50.0
YOR196C,1.0,1.070208199,0.743316098,0.76244942,,0.547139508,0.567013421,,0.302246798,60.0
YOL100W,1.0,,0.518623691,1.087966526,,0.508676764,0.537201931,0.26418203,0.06152382,50.0
YGR117C,1.0,1.194171565,0.55237672,,,,0.59454986,,0.30386266,60.0
YGR031W,1.0,1.007726102,,0.558912714,0.959933871,,,0.12582661,,50.0
YKR058W,1.0,,0.997692292,,1.04077225,,0.547348718,0.226059704,0.561180493,50.0
YER161C,1.0,,,0.769786394,,0.654178335,0.701740232,,0.296788668,60.0
YLR194C,1.0,0.754915045,0.81514854,0.642801193,1.09345096,0.713895659,0.952152866,0.373671246,0.177719585,50.0
YCR008W,1.0,0.753959572,0.672297369,0.997691273,0.567073097,0.834247315,0.775825264,,0.417971687,60.0
YJL021C,1.0,0.845771972,0.831284523,1.149014935,1.176394169,0.816372921,0.619521009,0.437532073,0.445196754,50.0
YPR138C,1.0,0.974100547,,,0.630866627,0.513978683,0.738373261,0.659732653,0.481034966,60.0
YMR140W,1.0,0.87742122,,0.791537704,,,,0.325591394,0.406946027,50.0
YBR101C,1.0,1.179598684,,1.195814532,0.9953849,0.618599516,0.604060039,,0.363377759,60.0
YNL328C,1.0,0.890458022,0.730249671,0.772777509,1.081111038,,0.503063383,0.50135818,0.155821619,60.0
YKR045C,1.0,0.619250668,,0.601203076,,,,0.548767242,0.315188515,60.0
YDR530C,1.0,0.695680848,1.12159261,0.71440645,,0.922187009,0.782492152,0.410413176,0.576893889,50.0
YHR198C,1.0,,0.719268367,0.773505475,,0.641705188,0.528592235,,0.328643448,60.0
YNL322C,1.0,,0.820771649,0.667115846,,,0.705963022,0.710523912,0.163344853,60.0
YDR240C,1.0,1.047318835,0.69019014,0.903983931,0.88302832,,0.889965162,0.470558176,0.322841935,50.0
YER175C,1.0,0.871978083,0.802716436,0.92896111,,1.151635159,0.669145967,0.795747898,0.312683886,60.0
YNL249C,1.0,0.585616796,1.069705453,0.673209749,0.932943071,0.801749787,0.564106896,0.458072501,0.16574193,50.0
YBR139W,1.0,,1.188616291,,1.054211467,,0.804282161,,0.345662959,60.0
YOR129C,1.0,0.767751645,1.085831714,0.70864345,,,0.630929421,0.214275811,0.25827586,50.0
YMR063W,1.0,0.683291596,,0.597007254,,,0.560464517,,0.253505456,60.0
YDR185C,1.0,,,0.502383455,,,,0.609641767,0.140832843,60.0
YOR391C,1.0,,1.105200599,0.933254187,,,0.643718846,0.709584283,0.352437375,60.0
YOR141C,1.0,0.771271135,0.900336987,0.770656567,,,0.780540956,0.637428344,0.375028878,60.0
YOR138C,1.0,0.998067977,0.648665112,0.642857807,,,0.618537553,,0.235874892,60.0
YGR203W,1.0,0.530352352,,0.68373571,,,0.521889639,0.331178488,0.189070039,50.0
YOL096C,1.0,1.060863735,0.687856252,0.795528007,,0.751072852,0.556418516,,0.06560929,60.0
YDR426C,1.0,0.933474569,,,,1.026265987,,,0.431167508,60.0
YDR183W,1.0,,0.828588842,0.741599756,,,,,0.276967226,60.0
YOR351C,1.0,,0.562881451,0.928718146,,0.762096086,0.521671132,0.738015126,0.360966367,60.0
YDR221W,1.0,0.795610006,,,0.857858922,,0.610133287,0.446771456,,50.0
YMR258C,1.0,0.900040761,,0.922896043,,0.766285487,0.510476185,,0.363711532,60.0
YOL110W,1.0,,,1.122648968,,0.740795588,,0.415657358,0.528010302,50.0
YOR125C,1.0,1.001164463,,0.726305785,,,0.702610086,,0.35272296,60.0
YDR128W,1.0,0.650415325,0.984585563,0.661164919,,0.650415325,0.889435911,0.492966782,0.270761667,50.0
YNL036W,1.0,1.077869291,0.833017658,,,1.159379805,1.108978955,0.431314291,0.613936555,50.0
YDR195W,1.0,,0.692253967,,0.705306871,,0.513759314,,0.182085268,60.0
YIL165C,1.0,1.15635084,,,,,1.044739199,0.445182488,1.10180713,50.0
YIL163C,1.0,1.114619107,,,,,0.540437736,0.233904147,,50.0
YPL109C,1.0,1.027120595,0.738424068,0.94360142,0.98342386,0.569926878,0.742004098,0.78677491,0.381055054,60.0
YGL066W,1.0,0.685591628,1.051649824,0.6800218,0.6689973,0.83219435,0.525185438,0.786431837,0.218273287,60.0
YNL053W,1.0,0.927114485,1.124540431,0.654850431,,,0.849505739,,0.352351463,60.0
YCL027W,1.0,0.984568072,1.055728033,0.910537371,1.072153317,,0.693975592,1.186463022,0.409311629,60.0
YLR034C,1.0,0.846420707,,0.982647343,0.519802364,0.848435218,0.522920802,0.081116032,0.299314566,50.0
YDR257C,1.0,0.753199,0.5874634,,0.81080797,0.778419338,0.73104634,0.468874792,0.729865007,50.0
YIL071C,1.0,0.942438566,,0.640203094,1.006237371,,0.920538658,,0.429890897,60.0
YJL071W,1.0,0.661696442,,,1.061941357,,0.829639669,,0.303075526,60.0
YGR273C,1.0,0.764273523,0.812252692,0.675575092,,,0.911825651,,0.231318001,60.0
YAL034C,1.0,0.998444614,0.681678297,0.929907828,1.168740515,,0.515429792,0.413149358,0.213365946,50.0
YIL087C,1.0,0.947181128,0.531205285,0.610986999,0.644282822,,0.877589802,0.471523225,0.259025966,50.0
YPR048W,1.0,,0.600075629,0.900373924,0.965506435,0.625581759,0.743506984,0.481637241,,50.0
YJR037W,1.0,0.611116406,0.672615129,0.516476082,1.193251121,,0.548288971,,0.161957718,60.0
YER180C,1.0,,0.600690762,1.052187655,,,,,0.319180309,60.0
YGL178W,1.0,,0.541037166,1.130477903,,,0.815682782,0.713013781,0.346047224,60.0
YLR063W,1.0,1.036062698,1.021660018,,1.040903663,,,,0.466651338,60.0
YPL230W,1.0,0.801123068,,1.119435692,,0.937442008,0.721860854,,0.119503218,60.0
YLR458W,1.0,,0.524502704,,,1.079113561,0.599739555,0.519565135,0.183010338,60.0
YGR201C,1.0,0.80368111,0.715402868,0.784556231,1.053099351,,0.584047325,,0.221667031,60.0
YER005W,1.0,1.148285747,0.845800025,0.653043465,0.827123381,0.981041631,0.933010294,,0.284079898,60.0
YPL191C,1.0,0.764462592,0.564405667,0.89478263,,,0.5119325,0.375851038,0.220283768,50.0
YLR084C,1.0,1.023680802,0.671566299,1.008625838,0.714178971,,0.520288757,0.538948148,0.37699357,60.0
YLR142W,1.0,0.904264769,0.704166069,0.66367366,,0.807538603,0.644707926,,0.216099388,60.0
YDR532C,1.0,0.592479586,,0.927406646,,,,,0.471227791,60.0
YBR209W,1.0,,0.753969919,1.0,0.824499154,0.580991243,0.597393283,,0.237267111,60.0
YOR155C,1.0,,0.615602841,,,0.908513751,0.880862708,0.256527306,0.147627731,50.0
YDR351W,1.0,0.555965513,0.515919653,0.872841776,0.653914033,,0.817524227,,0.272954005,60.0
YKR049C,1.0,,0.865121592,0.999608684,,,0.550382264,0.731011178,0.372761351,60.0
YDR095C,1.0,0.992198991,0.738484355,0.860644331,0.917092025,,0.565845412,0.116948551,,50.0
YGL166W,1.0,,1.177410483,1.191983715,,,0.503081309,,0.289633937,60.0
YKL064W,1.0,0.713447208,0.73295994,0.60682629,0.587177555,0.659703103,0.579268937,,0.105344768,60.0
YER078C,1.0,0.734716405,,0.53862501,0.797427122,0.583149976,0.516294981,0.365935209,0.238608818,50.0
YPL161C,1.0,1.023757678,0.636267474,,,,0.560533234,,0.371826582,60.0
YAL014C,1.0,,0.85870534,,,,0.673419198,,0.433835483,60.0
YKR104W,1.0,0.996867494,0.606308567,0.986746624,,,0.732009645,0.233902462,,50.0
YMR087W,1.0,,0.508553251,0.998432533,,,0.7236492,,0.371029788,60.0
YBR144C,1.0,0.869658722,,,,,0.71852021,,0.393049658,60.0
YOR083W,1.0,1.186476439,0.891758605,0.756767614,0.648722014,,0.602524365,0.622128165,0.286384149,60.0
YFR023W,1.0,1.007882003,,0.992172442,,,0.535951994,,0.377450594,60.0
YHR029C,1.0,0.616676266,0.833300533,1.13074925,,1.036317397,0.513711697,,0.324155496,60.0
YAR070C,1.0,,,,0.864262745,,0.736296277,0.885229765,0.179553749,60.0
YEL059C-A,1.0,,0.754406479,,1.060530967,,0.582554915,0.450381501,0.289266536,50.0
YCR022C,1.0,0.939180622,0.767746996,0.707333932,1.057636573,0.622114231,0.788620042,,0.360927444,60.0
YHR134W,1.0,0.785353752,0.546783883,0.518114454,0.722546476,,0.562070143,,0.382109322,60.0
YLR338W,1.0,1.021056695,,1.154957245,,1.071022224,0.650513182,,0.403113976,60.0
YJL149W,1.0,0.546002738,0.808045432,,,,0.566640076,0.278276555,,50.0
YGR122W,1.0,,0.972383175,,,,,0.358534936,,50.0
YDR354W,1.0,,0.738108437,,,,,,0.236270773,60.0
YMR085W,1.0,1.185023057,,0.855209397,0.535990453,,0.789400381,0.67002663,0.417253905,60.0
YPR192W,1.0,0.756267313,,0.825719146,,,0.935678118,,0.449822997,60.0
YKR091W,1.0,,0.544656523,0.798321064,0.642872597,,0.714703766,1.156108648,0.43251842,60.0
YCL065W,1.0,,0.685542557,0.857828084,,,,,0.206000869,60.0
YML002W,1.0,0.941956158,0.588839065,0.95400447,,0.891501565,0.947963612,0.711581878,0.207513543,60.0
YDL204W,1.0,0.581738985,1.052886006,,,,0.669581801,,0.213171494,60.0
YOL114C,1.0,1.194975833,1.007126471,0.77408898,,,,,0.366250238,60.0
YGR205W,1.0,0.749409065,1.190840632,,1.08386138,,0.536644607,0.622711928,0.26472653,60.0
YGL165C,1.0,,0.538282589,0.820121056,0.859462785,,,,0.227773027,60.0
YKL090W,1.0,,0.68667506,,0.686102769,,,0.352868922,0.327939055,50.0
YGR237C,1.0,0.557900165,0.59307029,0.607423121,0.775575019,,,,0.492107825,60.0
YGL217C,1.0,0.719636051,0.520902552,,0.815212669,0.976527369,1.075945874,,0.149756414,60.0
YGL230C,1.0,,1.119327265,0.820793818,,0.650576456,0.768912572,,0.314589052,60.0
YJL035C,1.0,1.077663768,,,0.580607635,0.531349866,0.661898705,0.160711167,,50.0
YDL106C,1.0,0.74245774,,0.679861549,0.846096899,0.664638699,0.645870032,0.864747711,0.142932126,60.0
YLR326W,1.0,,0.726874194,1.183919853,,,0.635166951,,0.472076737,60.0
YGL085W,1.0,1.006747164,,,1.108099349,0.582067179,0.651423887,0.226451284,0.41021746,50.0
YBR001C,1.0,,0.862923303,0.934294458,0.674276141,,0.552559446,,0.47923131,60.0
YCL008C,1.0,0.914701087,0.865353753,0.721089094,0.692847153,0.532833178,0.530964861,0.474687738,0.290765597,50.0
YDR393W,1.0,,0.668598258,,,,,,0.216499503,60.0
YJL146W,1.0,,0.814299158,0.729466255,,,0.59282909,,0.432913443,60.0
YBR006W,1.0,,0.720380723,,,0.960320876,0.596814242,,0.266000516,60.0
YDR421W,1.0,1.107779964,0.73714697,,,,,0.662419722,0.38837068,60.0
YKR098C,1.0,1.01194993,,0.974918308,,,0.722540625,0.471897695,0.495363774,50.0
YIL156W,1.0,,,,0.66047127,0.767998005,0.609207208,,0.279428679,60.0
YPR111W,1.0,,,,,,0.91785044,,0.451638962,60.0
YNR002C,1.0,,0.541471036,,,,,0.812916171,0.453915868,60.0
YOR130C,1.0,,1.190461963,0.932248762,,,,,0.463108871,60.0
YKR103W,1.0,1.102765853,,0.961764098,0.92554683,0.725157823,0.622559116,,0.336081659,60.0
YBL061C,1.0,0.831935072,,0.916674608,1.010364664,0.673082008,0.529221619,,0.301035082,60.0
YDR258C,1.0,0.992090204,,,,1.056930665,,1.015985026,0.468543053,60.0
YGR249W,1.0,0.721174914,,0.836994676,0.961370715,,0.504575753,,0.132721356,60.0
YKR017C,1.0,1.118040849,0.798912606,0.922921889,,,0.798258246,0.364491885,0.403370391,50.0
YAR029W,1.0,0.839934698,,0.672753501,0.895440506,0.565258056,0.591369741,0.505305211,0.193145534,60.0
YNL127W,1.0,0.504861936,0.569273005,0.512585201,,0.863741332,0.81122488,0.793463789,0.071226079,60.0
YHR112C,1.0,0.74490322,0.617203872,0.907014189,0.644692671,,0.688659678,0.520158286,0.4460277,60.0
YJL155C,1.0,0.514119118,0.85708959,,,,,0.0994635,0.268276837,50.0
YDR057W,1.0,,,0.533350084,0.984985444,0.501998893,0.967072518,,0.449324894,60.0
YKR032W,1.0,0.795577092,,0.563717363,0.759665243,,0.578161857,,0.468630984,60.0
YJR046W,1.0,0.801805044,1.070917216,0.644672026,1.059148947,,1.196962569,,0.34996886,60.0
YOL126C,1.0,,0.598629684,,,,0.537117924,,0.283111921,60.0
YDR360W,1.0,,0.633526895,,,,,,0.311394976,60.0
YPR058W,1.0,,0.72120943,0.889425222,,,,,0.203274624,60.0
YHR116W,1.0,0.581886825,0.693517043,0.835752089,0.534346669,,0.692933103,0.145445598,0.404087486,50.0
YBR204C,1.0,0.712058193,0.743058264,,0.534958172,0.811770579,0.610476889,0.461838152,0.266622046,50.0
YHR189W,1.0,1.136651857,1.04551275,0.992848823,,0.838047679,0.535729327,,0.361135078,60.0
YLR368W,1.0,0.772819409,0.753827153,0.907845581,,,,0.377436242,,50.0
YJL210W,1.0,0.755935259,,0.60751045,,0.73421066,0.536936456,,0.095284311,60.0
YHR087W,1.0,1.170637014,,,,1.066027569,,0.647076888,0.466624339,60.0
YJL134W,1.0,0.833060862,0.586472835,0.531836215,0.868481666,0.707416935,0.569788177,,0.185321217,60.0
YEL072W,1.0,,0.945844577,0.804460924,,1.06270507,0.888814103,1.039367525,0.191224181,60.0
YGR277C,1.0,0.892028635,1.105993059,0.592967489,,,,,0.247845578,60.0
YPL021W,1.0,1.153617773,0.703814767,,0.798972579,,,,0.440095768,60.0
YCL048W,1.0,0.790071198,1.126315475,0.91536818,,0.830112409,0.537412854,0.25872852,0.206945084,50.0
YGR266W,1.0,0.872173101,0.765175136,0.965748989,0.637479868,1.019750314,0.623897146,0.336242181,0.546192915,50.0
YOR040W,1.0,,0.613979146,,0.656038323,0.991240636,,0.493259242,0.852110108,50.0
YCL004W,1.0,0.664154786,1.156121457,1.198579948,0.592068576,0.596219292,0.500414188,0.230666789,0.552292775,50.0
YAL063C,1.0,,0.720263632,1.0,,0.878726781,0.596434488,0.783102914,0.37259707,60.0
YDR411C,1.0,0.571146076,0.624449298,,,,,0.236175358,,50.0
YOR140W,1.0,1.187472965,1.071546356,0.980502878,,0.882410582,1.028844925,,0.46844872,60.0
YOL166C,1.0,,1.044172302,1.160285784,,0.617673885,0.569237913,,0.317760098,60.0
YAL061W,1.0,,,0.704084916,,,0.863043305,,0.297046317,60.0
YIL154C,1.0,1.172286506,0.595256548,1.091796282,1.153963373,,0.584877557,,0.262523482,60.0
YPR194C,1.0,0.745684824,,0.87084565,,,1.012515884,,0.453473362,60.0
YKL147C,1.0,0.534624217,0.582362441,,0.58390605,,,,0.457929858,60.0
YPR200C,1.0,0.979265838,0.538525772,0.706183762,0.785317281,,0.921507403,,0.276868969,60.0
YKR101W,1.0,,,1.097714149,0.967054566,0.798692746,0.831877454,,0.373632788,60.0
YJL153C,1.0,0.571631627,1.021540863,,,,,,0.489182489,60.0
YLR312C,1.0,,,1.087320918,,,0.71823104,,0.250431109,60.0
YLR416C,1.0,1.003634041,,0.93610774,0.665873772,0.787185209,0.74342658,,0.348551225,60.0
YIL097W,1.0,,,,,,0.893795253,,0.458793493,60.0
YHR015W,1.0,1.020355508,0.831837046,1.028596992,1.132082114,0.758692304,0.660061355,0.668102125,0.326798293,60.0
YKL162C,1.0,1.015858582,,0.869383546,0.920828342,0.894059346,0.828608719,,0.381503914,60.0
YJL163C,1.0,0.871485203,0.536315037,1.002831804,0.659387971,0.895486518,0.959116605,0.263695208,0.332724827,50.0
YIL132C,1.0,0.831640575,0.879059022,,,,0.5032766,0.359857128,0.578657603,50.0
YPL151C,1.0,,0.742091684,,,,0.673645163,,0.33031146,60.0
YNL204C,1.0,,,,,,0.599278846,,0.485934672,60.0
YDR359C,1.0,0.824556144,0.621783382,,,,0.568949224,,0.335612778,60.0
YFR046C,1.0,,0.95240797,,1.197183705,,0.818896449,0.447444016,0.082459706,50.0
YKR097W,1.0,,0.787409148,1.006931032,,0.608730807,0.775501723,,0.436111586,60.0
YDR042C,1.0,,,0.945596729,1.082899179,,1.18618291,,0.245477306,60.0
YKL188C,1.0,0.677548808,1.041421592,0.69666088,,0.657701397,,0.671076332,0.186686597,60.0
YJR136C,1.0,,,0.742763061,,,0.835023266,,0.368263413,60.0
YKR019C,1.0,1.007361835,0.739569419,0.858416636,0.74147615,,0.602421972,0.476691923,0.303345489,50.0
YJR008W,1.0,0.90794584,1.124887222,0.77936815,0.944647525,,0.654424384,,0.048945423,60.0
YIL164C,1.0,,,1.118191531,,,0.672036145,,0.476230962,60.0
YHR114W,1.0,0.796498633,0.799205433,1.10265404,0.519122725,,0.616760117,0.402074107,0.517673732,50.0
YOR137C,1.0,0.856687285,1.094280678,1.041572193,,,,,0.352735761,60.0
YIL167W,1.0,0.974526878,,,,,0.707924564,0.466106996,,50.0
YPR064W,1.0,,,1.065535147,,,,1.088179482,0.367242129,60.0
YOL104C,1.0,0.809409628,0.748890565,0.72159486,,0.6207509,,0.679459899,0.180245199,60.0
YJL048C,1.0,0.707718929,,0.644153147,0.514712879,0.928544762,0.56210243,,0.174896676,60.0
YJL213W,1.0,1.04167007,0.832876763,0.905691382,0.677398939,,0.597955274,0.329151911,0.385117948,50.0
YLL055W,1.0,,,1.083949445,,1.028184019,,0.909447586,0.444491567,60.0
YOR161C,1.0,,0.656035857,,0.899162351,,0.964854031,0.338774999,0.845753104,50.0
YCL052C,1.0,,,,,,0.594267975,,0.317253673,60.0
YMR136W,1.0,1.117502705,0.834292794,1.106721313,,,,0.547589291,0.331497206,60.0
YDR540C,1.0,,,,,,0.694472087,1.006172413,0.40931936,60.0
YGR099W,1.0,0.572546067,,0.692455904,,0.606907213,0.509675037,0.603620714,0.419334206,60.0
YMR170C,1.0,0.547140145,0.535057071,1.153320115,,,,,0.470711077,60.0
YCR020C-A,1.0,0.781410651,0.65040998,0.77672981,,0.65040998,0.787462344,,0.342375192,60.0
YMR034C,1.0,0.69393853,0.742195566,0.984073329,0.713681118,0.643574941,,0.445685198,0.391627902,50.0
YHR161C,1.0,,0.505370182,,0.579600484,0.6391643,,0.135289765,0.087275417,50.0
YGR278W,1.0,0.962693985,0.678447569,0.794369138,,,0.810168458,,0.339540159,60.0
YDR215C,1.0,0.77010698,1.112110369,1.008269792,,,,0.83254937,0.350548187,60.0
YHR124W,1.0,0.737901361,0.805862188,1.093372976,,,0.875843263,0.505039929,0.17339747,60.0
YDR358W,1.0,,0.686717427,,,,0.912507764,0.888283121,0.329123898,60.0
YDR371W,1.0,1.001655097,0.860786348,0.716765475,,0.690659932,,,0.254651284,60.0
YKL133C,1.0,,0.638016303,1.161850727,,,0.610813367,0.399035394,0.369030154,50.0
YGL034C,1.0,,,1.00832153,1.042190499,0.560780343,0.691645334,0.235487488,0.019550211,50.0
YBR125C,1.0,0.829872978,0.725823418,1.085972337,0.520851247,,0.694360424,0.923665048,0.496370358,60.0
YJL059W,1.0,0.626261365,0.58613899,0.829504487,0.683580501,,0.748815183,,0.479459047,60.0
YJL216C,1.0,0.947203484,0.764928865,0.881655452,0.975336638,1.043983753,1.120296879,0.340863876,0.172480196,50.0
YDR142C,1.0,0.75630092,1.013803015,1.08568199,,0.940395973,0.503460049,,-0.044542575,60.0
YDR479C,1.0,0.86397846,0.72362632,,0.766881473,0.594584834,,0.404590495,0.859560918,50.0
YHR031C,1.0,,1.086733654,0.799307835,,,0.841838196,,0.381443739,60.0
YOR223W,1.0,,0.961806578,,,,0.585616554,0.444938683,,50.0
YDR523C,1.0,,,1.168393512,,,0.595881888,,0.187826615,60.0
YCL076W,1.0,,,,,,,,0.33385379,60.0
YAL065C,1.0,0.97104555,0.790346071,0.507782151,0.729966785,0.625701125,0.614222846,,0.140087024,60.0
YAL020C,1.0,,1.068881448,0.780014015,1.170051591,,0.622807246,0.628586413,0.471507286,60.0
YCR085W,1.0,0.702894795,1.102106024,0.976767996,1.028823235,0.682898044,0.579957009,,0.2939034,60.0
YGL064C,1.0,0.895833301,,1.185544365,1.089461892,0.752829894,0.753496726,,0.07467576,60.0
YIL153W,1.0,1.019024391,0.803555899,1.174687121,0.983750495,0.60524394,0.506589059,0.219504194,0.347875941,50.0
YKL091C,1.0,,0.906355912,0.797306943,,,1.004208118,,0.334858697,60.0
YDR330W,1.0,0.612240294,0.862514472,,,,0.593011172,0.761665383,0.253652792,60.0
YAR020C,1.0,1.19263187,,0.809350632,,,0.988694347,0.774496495,0.180371391,60.0
YGL235W,1.0,0.528444534,1.071032096,,,,0.594007996,0.388113448,,50.0
YBR046C,1.0,,,,,,,,0.158347802,60.0
YHL021C,1.0,1.001269309,1.13041421,,,,0.655571105,0.522386461,0.217087679,60.0
YCL044C,1.0,,0.730147557,0.870746136,,,0.615739899,0.505980862,0.343205718,60.0
YER170W,1.0,1.048487432,,0.981460389,,,0.5459642,0.626895018,0.475629346,60.0
YOR339C,1.0,1.043225135,1.162879238,0.647021665,0.826639973,1.008525599,0.599943601,0.575697374,0.322801732,60.0
YBR044C,1.0,,,,0.802751188,,,,0.054645247,60.0
YHL024W,1.0,,0.690780297,,,0.730408619,0.648535213,0.440735099,0.410885594,50.0
YCR097W,1.0,0.526400472,0.803990804,1.173415217,0.840523518,,0.536986785,0.118654231,,50.0
YHR102W,1.0,,,0.998717241,0.652173694,0.763046577,0.513705737,0.530484528,0.452092109,60.0
YFL042C,1.0,0.971242512,,1.1429009,,,0.603968274,,0.224184257,60.0
YOR003W,1.0,,0.739079687,0.924646977,,,,0.50418832,0.280077336,60.0
YAR035W,1.0,1.048464393,0.707883669,0.523213757,,0.865215142,0.656365153,,0.486726248,60.0
YGR153W,1.0,,0.757538897,0.854870721,,,,,0.314662737,60.0
YDR171W,1.0,,,,,,,1.011821992,0.347956211,60.0
YIL001W,1.0,1.007874473,,,1.052527451,0.722793664,1.199186262,,0.488318955,60.0
YJL214W,1.0,0.958644518,1.165952441,0.860300614,1.190943703,,0.593445079,0.617544924,0.125464428,60.0
YPL209C,1.0,,0.816285361,,,,,0.012573313,,50.0
YKR015C,1.0,,,,,,0.508092751,,0.426439634,60.0
YJL103C,1.0,,0.817657434,,0.812351801,,0.860252538,0.29444689,0.658069806,50.0
YLR460C,1.0,,0.847714514,1.164778334,,,0.734081829,,0.35898217,60.0
YIL171W,1.0,0.613860777,1.109272808,,1.157341467,,0.548086361,0.190438434,,50.0
YNL320W,1.0,,,0.736633789,,,0.74303544,,-0.005127507,60.0
YIL166C,1.0,,,0.865121208,1.074643575,0.560820589,0.615749497,,0.18254931,60.0
YFR054C,1.0,,0.616836544,,,0.718303366,0.596040652,,0.177896443,60.0
YKR102W,1.0,0.796244107,0.813934621,,,,0.856594223,0.101143307,0.524498682,50.0
YKR041W,1.0,1.079682264,,0.612222677,,,0.786516701,0.287769218,0.511662008,50.0
YDR536W,1.0,,,0.749305384,,,,,0.33132281,60.0
YFR021W,1.0,0.955289483,,0.719868298,,,0.614021314,,0.245242358,60.0
YAR068W,1.0,0.995348813,,0.755191941,0.527948509,,0.645237292,,-0.00711499,60.0
YOR394W,1.0,,0.673606801,0.964127316,0.970494803,0.937185332,0.552878608,,0.118150566,60.0
YKL093W,1.0,,0.741010223,0.791950892,,,0.504813115,,0.160453877,60.0
YER076C,1.0,1.022716184,,0.704608891,,0.876467752,0.747278983,0.741188016,0.413941832,60.0
YLR461W,1.0,0.995737252,0.521542085,,0.603468601,,,0.530223731,0.24739424,60.0
YHR139C,1.0,,,0.863031398,,,0.544672176,,0.386505003,60.0
YKR106W,1.0,1.024733494,1.017900317,0.805069225,,,,0.398927893,,50.0
YIL120W,1.0,0.998044223,0.5313436,,0.742919013,,0.544509019,0.572075486,0.016471833,60.0
YFR027W,1.0,1.18620135,,0.74929428,0.588851779,,,,0.301596872,60.0
YIL101C,1.0,0.89277007,,0.619711228,0.912246763,,0.588722647,,0.273811984,60.0
YFL059W,1.0,0.80618639,0.598646904,,0.603715877,0.839540815,0.611731264,0.321505719,,50.0
YAL068C,1.0,0.937199046,,1.192086698,0.544979112,0.845543476,,,0.327190476,60.0
YIL099W,1.0,,,,,,0.809924524,,0.322488158,60.0
YNL325C,1.0,0.803431317,0.865604423,0.878005939,,,0.690730372,,0.005058211,60.0
YKR034W,1.0,1.181158001,,0.691750479,0.723814982,,0.837317964,,0.384582724,60.0
YBR182C,1.0,0.998397316,,0.601311736,,1.14601016,,,-0.121359061,60.0
YIL172C,1.0,,,,,1.152487332,0.669365799,,0.439584,60.0
YKR105C,1.0,,1.006651455,0.885911929,,0.692290307,0.610189599,,0.230707725,60.0
YAR062W,1.0,0.764192922,1.123539855,0.724222129,0.632333896,,0.579808229,,-0.203620897,60.0
YCL074W,1.0,,0.791861608,,,,1.171819861,,0.453896968,60.0
YDR542W,1.0,0.740598842,0.743950486,,,,,,-0.074445586,60.0
